tip|korisnickoIme|lozinka|brojTelefona|novcanaSredstva|kupljeneKarte|dogadjaji
Clan|petrajovanovic|1234567|0601122334455|0.0|112EXIT-1,112EXIT-2,112EXIT-11,112EXIT-12,2026SAJAMKNJIGA-1,112EXIT-3;112EXIT-4;112EXIT-13| 
Clan|mitamitic|324bj4|064567234|0.0| | 
Validator|micoloncar|676767| | | | 
Clan|marijakokanovic|334455|065432678|0.0| | 
Organizator|mirarima|111222| | | |Italija!
Clan|mikaradulovic|333444|06700445566|0.0|;112EXIT-16;112EXIT-14| 
Clan|anja|insi279|060333333|0.0|;112EXIT-5| 
Clan|aleksandar|2222|067898989|0.0|| 
Clan|micibici|121234|0689876876|0.0| | 
